Age,GrLivArea,LotArea,GarageArea,Fence,TotalBsmtSF,FirstFlrSF
5.0,1710.0,8450.0,548.0,False,856.0,856.0
31.0,1262.0,9600.0,460.0,False,1262.0,1262.0
7.0,1786.0,11250.0,608.0,False,920.0,920.0
8.0,2198.0,14260.0,836.0,False,1145.0,1145.0
16.0,1362.0,14115.0,480.0,True,796.0,796.0
3.0,1694.0,10084.0,636.0,False,1686.0,1694.0
36.0,2090.0,10382.0,484.0,False,1107.0,1107.0
69.0,1077.0,7420.0,205.0,False,991.0,1077.0
43.0,1040.0,11200.0,384.0,False,1040.0,1040.0
1.0,2324.0,11924.0,736.0,False,1175.0,1182.0
46.0,912.0,12968.0,352.0,False,912.0,912.0
1.0,1494.0,10652.0,840.0,False,1494.0,1494.0
48.0,1253.0,10920.0,352.0,True,1253.0,1253.0
78.0,854.0,6120.0,576.0,True,832.0,854.0
40.0,1004.0,11241.0,480.0,False,1004.0,1004.0
39.0,1296.0,10791.0,516.0,False,0.0,1296.0
4.0,1114.0,13695.0,576.0,False,1114.0,1114.0
1.0,2376.0,14215.0,853.0,False,1158.0,1158.0
77.0,1108.0,7449.0,280.0,True,637.0,1108.0
6.0,1795.0,9742.0,534.0,False,1777.0,1795.0
31.0,1060.0,4224.0,572.0,False,1040.0,1060.0
42.0,1060.0,8246.0,270.0,True,1060.0,1060.0
2.0,1600.0,14230.0,890.0,False,1566.0,1600.0
59.0,900.0,7200.0,576.0,False,900.0,900.0
3.0,1704.0,11478.0,772.0,False,1704.0,1704.0
49.0,1600.0,16321.0,319.0,False,1484.0,1600.0
81.0,520.0,6324.0,240.0,False,520.0,520.0
42.0,1228.0,8544.0,271.0,True,1228.0,1228.0
1.0,1234.0,11049.0,484.0,False,1234.0,1234.0
51.0,1700.0,10552.0,447.0,False,1398.0,1700.0
2.0,1561.0,7313.0,556.0,False,1561.0,1561.0
2.0,2452.0,13418.0,691.0,False,1117.0,1132.0
15.0,1097.0,10859.0,672.0,False,1097.0,1097.0
55.0,1297.0,8532.0,498.0,False,1297.0,1297.0
53.0,1152.0,6040.0,0.0,False,0.0,1152.0
48.0,1328.0,16905.0,308.0,False,1350.0,1328.0
24.0,884.0,9180.0,504.0,True,840.0,884.0
33.0,938.0,9200.0,308.0,True,938.0,938.0
47.0,1150.0,7945.0,300.0,False,1150.0,1150.0
5.0,1752.0,7658.0,576.0,False,1752.0,1752.0
1.0,1656.0,11096.0,826.0,False,1656.0,1656.0
89.0,1452.0,4456.0,0.0,False,736.0,736.0
41.0,955.0,7742.0,386.0,True,955.0,955.0
10.0,1470.0,13869.0,388.0,False,794.0,794.0
72.0,1176.0,6240.0,528.0,True,816.0,816.0
47.0,816.0,8472.0,516.0,False,816.0,816.0
25.0,1842.0,50271.0,894.0,False,1842.0,1842.0
52.0,1360.0,7134.0,572.0,True,384.0,1360.0
44.0,1425.0,10175.0,576.0,False,1425.0,1425.0
2.0,1720.0,11645.0,565.0,False,860.0,860.0
0.0,2945.0,13682.0,641.0,False,1410.0,1426.0
36.0,780.0,7200.0,352.0,True,780.0,780.0
2.0,1158.0,13072.0,576.0,False,1158.0,1158.0
87.0,1111.0,7200.0,288.0,False,530.0,581.0
1.0,1370.0,6442.0,484.0,False,1370.0,1370.0
89.0,1710.0,10300.0,480.0,True,576.0,902.0
12.0,2034.0,9375.0,645.0,True,1057.0,1057.0
3.0,2473.0,9591.0,852.0,False,1143.0,1143.0
40.0,2207.0,19900.0,576.0,False,1947.0,2207.0
4.0,1479.0,10665.0,558.0,False,1453.0,1479.0
65.0,747.0,4608.0,220.0,False,747.0,747.0
53.0,2287.0,15593.0,667.0,False,1304.0,1304.0
34.0,2223.0,13651.0,516.0,False,2223.0,2223.0
25.0,845.0,7599.0,360.0,False,845.0,845.0
11.0,1718.0,10141.0,427.0,False,832.0,885.0
56.0,1086.0,10200.0,490.0,True,1086.0,1086.0
95.0,1605.0,5790.0,379.0,False,840.0,840.0
36.0,988.0,1596.0,297.0,True,462.0,526.0
52.0,952.0,8475.0,283.0,False,952.0,952.0
60.0,1285.0,8635.0,240.0,True,672.0,1072.0
42.0,1768.0,10778.0,0.0,False,1768.0,1768.0
99.0,1230.0,10440.0,440.0,True,440.0,682.0
41.0,2142.0,13000.0,509.0,False,896.0,1182.0
8.0,1337.0,4500.0,405.0,False,1237.0,1337.0
1.0,1563.0,10206.0,758.0,False,1563.0,1563.0
47.0,1065.0,8892.0,461.0,False,1065.0,1065.0
14.0,1474.0,8530.0,400.0,False,384.0,804.0
15.0,2417.0,16059.0,462.0,False,1288.0,1301.0
4.0,1560.0,11911.0,400.0,False,684.0,684.0
0.0,1224.0,3951.0,528.0,False,612.0,612.0
13.0,990.0,8070.0,0.0,False,990.0,990.0
56.0,1040.0,7200.0,420.0,False,0.0,1040.0
88.0,964.0,13360.0,432.0,False,876.0,964.0
10.0,1786.0,9337.0,684.0,False,824.0,905.0
16.0,1470.0,9765.0,420.0,False,680.0,680.0
7.0,1588.0,10264.0,472.0,False,1588.0,1588.0
42.0,960.0,10921.0,432.0,False,960.0,960.0
51.0,1225.0,9320.0,0.0,False,950.0,1225.0
33.0,1610.0,10603.0,480.0,False,1610.0,1610.0
25.0,1732.0,9206.0,476.0,False,741.0,977.0
30.0,1535.0,7018.0,410.0,False,0.0,1535.0
1.0,1226.0,10402.0,740.0,False,1226.0,1226.0
76.0,1818.0,7758.0,240.0,False,1040.0,1226.0
5.0,1992.0,9375.0,648.0,False,1053.0,1053.0
122.0,1047.0,10800.0,273.0,False,641.0,1047.0
60.0,789.0,6000.0,250.0,False,789.0,789.0
88.0,1517.0,8500.0,0.0,False,793.0,997.0
33.0,1844.0,11751.0,546.0,True,1844.0,1844.0
52.0,1855.0,9525.0,325.0,False,994.0,1216.0
10.0,1430.0,7750.0,400.0,False,384.0,774.0
0.0,2696.0,9965.0,792.0,False,1264.0,1282.0
62.0,2320.0,7259.0,180.0,True,1028.0,1436.0
8.0,1458.0,3230.0,440.0,False,729.0,729.0
47.0,1092.0,11616.0,288.0,False,1092.0,1092.0
1.0,1125.0,8536.0,430.0,False,1125.0,1125.0
20.0,3222.0,12376.0,594.0,False,1673.0,1699.0
1.0,1456.0,8461.0,390.0,False,728.0,728.0
37.0,988.0,21453.0,540.0,False,938.0,988.0
68.0,1123.0,6060.0,264.0,True,732.0,772.0
50.0,1080.0,9464.0,288.0,False,1080.0,1080.0
15.0,1199.0,7892.0,530.0,False,1199.0,1199.0
30.0,1586.0,17043.0,435.0,False,1362.0,1586.0
71.0,754.0,6780.0,0.0,False,520.0,520.0
31.0,958.0,4928.0,440.0,False,1078.0,958.0
77.0,840.0,4388.0,0.0,False,672.0,840.0
40.0,1348.0,7590.0,453.0,False,660.0,660.0
40.0,2157.0,14200.0,487.0,True,924.0,1216.0
9.0,2054.0,12224.0,390.0,False,992.0,1022.0
48.0,1327.0,7388.0,624.0,False,1063.0,1327.0
8.0,1296.0,6853.0,471.0,False,1267.0,1296.0
38.0,1721.0,10335.0,440.0,True,1461.0,1721.0
38.0,1682.0,10400.0,530.0,True,1304.0,1682.0
40.0,1214.0,10355.0,318.0,False,1214.0,1214.0
9.0,1852.0,9066.0,660.0,True,1004.0,1004.0
12.0,1764.0,15426.0,470.0,True,928.0,928.0
39.0,864.0,10500.0,0.0,False,864.0,864.0
1.0,1734.0,11645.0,660.0,False,1734.0,1734.0
58.0,1385.0,8520.0,720.0,True,910.0,910.0
10.0,1501.0,10335.0,577.0,False,1490.0,1501.0
2.0,1709.0,2522.0,380.0,False,970.0,970.0
78.0,875.0,6120.0,180.0,False,715.0,875.0
9.0,2035.0,9505.0,434.0,False,884.0,884.0
4.0,1080.0,7500.0,0.0,False,1080.0,1080.0
70.0,1344.0,6240.0,240.0,False,896.0,896.0
32.0,969.0,10356.0,440.0,True,969.0,969.0
1.0,1710.0,13891.0,866.0,False,1710.0,1710.0
35.0,1993.0,14803.0,495.0,True,825.0,1097.0
48.0,1252.0,13500.0,564.0,False,1602.0,1252.0
84.0,1096.0,9600.0,0.0,False,572.0,572.0
56.0,1040.0,7200.0,625.0,False,0.0,1040.0
1.0,1968.0,12003.0,680.0,False,774.0,774.0
6.0,1947.0,12552.0,678.0,True,991.0,991.0
1.0,2462.0,19378.0,576.0,False,1392.0,1392.0
24.0,1232.0,11120.0,516.0,False,1232.0,1232.0
5.0,2668.0,13688.0,726.0,False,1572.0,1572.0
5.0,1541.0,12182.0,532.0,False,1541.0,1541.0
51.0,882.0,5500.0,0.0,True,882.0,882.0
81.0,1616.0,5400.0,216.0,False,1149.0,1149.0
68.0,1355.0,10106.0,0.0,False,644.0,808.0
54.0,1867.0,10708.0,303.0,True,1617.0,1867.0
0.0,2161.0,10562.0,789.0,False,1582.0,1610.0
3.0,1720.0,8244.0,440.0,False,840.0,840.0
25.0,1707.0,16669.0,511.0,False,1686.0,1707.0
66.0,1382.0,12358.0,660.0,False,720.0,854.0
50.0,1656.0,31770.0,528.0,False,1080.0,1656.0
19.0,1767.0,5306.0,504.0,False,1064.0,1064.0
47.0,1362.0,10197.0,504.0,False,1362.0,1362.0
22.0,1651.0,12416.0,616.0,False,1606.0,1651.0
57.0,2158.0,12615.0,576.0,True,1202.0,2158.0
19.0,2060.0,10029.0,521.0,False,1151.0,1164.0
48.0,1920.0,13650.0,451.0,False,1052.0,1252.0
1.0,2234.0,17423.0,1166.0,False,2216.0,2234.0
84.0,968.0,8520.0,480.0,False,968.0,968.0
7.0,1525.0,2117.0,440.0,False,756.0,769.0
86.0,1802.0,7588.0,216.0,False,793.0,901.0
50.0,1340.0,9060.0,252.0,True,0.0,1340.0
5.0,2082.0,11426.0,484.0,False,1362.0,1362.0
98.0,1252.0,7438.0,576.0,True,504.0,936.0
114.0,3608.0,22950.0,840.0,True,1107.0,1518.0
19.0,1217.0,9947.0,497.0,True,1188.0,1217.0
93.0,1656.0,10410.0,180.0,True,660.0,808.0
30.0,1224.0,7018.0,528.0,False,1086.0,1224.0
7.0,1593.0,4923.0,682.0,False,1593.0,1593.0
75.0,2727.0,10570.0,440.0,False,853.0,1549.0
35.0,1479.0,7472.0,484.0,False,725.0,725.0
10.0,1431.0,9017.0,666.0,False,1431.0,1431.0
2.0,1709.0,2522.0,380.0,False,970.0,970.0
36.0,864.0,7180.0,352.0,False,864.0,864.0
33.0,1456.0,2280.0,440.0,False,855.0,855.0
0.0,1726.0,9416.0,786.0,False,1726.0,1726.0
5.0,1713.0,9591.0,856.0,False,1713.0,1713.0
7.0,1121.0,8546.0,440.0,False,1121.0,1121.0
31.0,1279.0,10125.0,473.0,True,1196.0,1279.0
82.0,1310.0,7000.0,398.0,False,617.0,865.0
4.0,848.0,4438.0,420.0,False,848.0,848.0
62.0,1284.0,3500.0,240.0,True,720.0,720.0
19.0,1442.0,11851.0,500.0,False,1424.0,1442.0
45.0,1696.0,13673.0,349.0,False,1140.0,1696.0
48.0,1100.0,12493.0,312.0,True,1100.0,1100.0
19.0,2062.0,14364.0,454.0,False,1157.0,1180.0
44.0,1092.0,8250.0,504.0,True,1092.0,1092.0
83.0,864.0,5604.0,0.0,False,864.0,864.0
1.0,1212.0,10420.0,460.0,False,1212.0,1212.0
0.0,1852.0,8640.0,644.0,False,900.0,932.0
11.0,990.0,13568.0,576.0,False,990.0,990.0
33.0,1392.0,10900.0,299.0,True,689.0,689.0
49.0,1236.0,10011.0,447.0,True,1070.0,1236.0
4.0,1436.0,8450.0,484.0,False,1436.0,1436.0
69.0,1954.0,15660.0,431.0,False,798.0,1137.0
1.0,1248.0,3010.0,438.0,False,1248.0,1248.0
0.0,1498.0,8990.0,675.0,False,1498.0,1498.0
7.0,2267.0,8068.0,390.0,False,1010.0,1010.0
31.0,1552.0,11475.0,434.0,True,713.0,811.0
6.0,2392.0,13472.0,968.0,False,2392.0,2392.0
38.0,987.0,1869.0,280.0,False,483.0,483.0
43.0,912.0,8521.0,336.0,True,912.0,912.0
4.0,1555.0,3182.0,430.0,False,1373.0,1555.0
51.0,1194.0,8760.0,312.0,False,1194.0,1194.0
14.0,2794.0,15138.0,810.0,False,1462.0,1490.0
34.0,987.0,1680.0,288.0,False,483.0,483.0
34.0,894.0,10650.0,308.0,True,894.0,894.0
8.0,1960.0,7851.0,440.0,False,860.0,860.0
37.0,987.0,1680.0,264.0,False,483.0,483.0
6.0,1414.0,8773.0,494.0,False,1414.0,1414.0
17.0,1744.0,9453.0,457.0,False,996.0,1014.0
0.0,1694.0,12030.0,818.0,False,1694.0,1694.0
65.0,1487.0,8741.0,220.0,True,735.0,798.0
2.0,1566.0,9000.0,750.0,False,1566.0,1566.0
62.0,866.0,3880.0,0.0,False,686.0,866.0
106.0,1440.0,5000.0,352.0,False,540.0,889.0
29.0,1217.0,10762.0,288.0,False,626.0,626.0
16.0,2110.0,8880.0,463.0,False,948.0,1222.0
18.0,1872.0,10400.0,604.0,False,1845.0,1872.0
96.0,1928.0,9142.0,440.0,False,1020.0,908.0
52.0,1375.0,11310.0,451.0,False,1367.0,1375.0
4.0,1668.0,11317.0,500.0,False,840.0,840.0
49.0,2144.0,159000.0,389.0,False,1444.0,1444.0
70.0,1306.0,5350.0,0.0,True,728.0,1306.0
4.0,1640.0,8366.0,520.0,False,798.0,798.0
43.0,1302.0,9350.0,309.0,True,1302.0,1302.0
53.0,1314.0,8400.0,294.0,False,1314.0,1314.0
7.0,2291.0,8738.0,429.0,False,975.0,1005.0
5.0,1728.0,8791.0,673.0,False,864.0,864.0
7.0,1792.0,12435.0,564.0,False,963.0,963.0
52.0,882.0,12702.0,308.0,False,0.0,882.0
47.0,1382.0,19296.0,884.0,True,1362.0,1382.0
0.0,2574.0,9588.0,868.0,False,1482.0,1482.0
29.0,1212.0,8471.0,492.0,True,506.0,1212.0
81.0,1316.0,5500.0,484.0,False,926.0,926.0
83.0,764.0,5232.0,504.0,False,680.0,764.0
27.0,1422.0,12090.0,576.0,True,1422.0,1422.0
9.0,1511.0,11207.0,413.0,False,802.0,802.0
69.0,2192.0,8400.0,240.0,False,720.0,1052.0
68.0,778.0,6900.0,924.0,False,740.0,778.0
31.0,1113.0,7917.0,504.0,True,1143.0,1113.0
0.0,1939.0,10728.0,1053.0,False,1095.0,1095.0
54.0,1363.0,39104.0,439.0,False,1385.0,1363.0
11.0,2270.0,11764.0,671.0,False,1152.0,1164.0
51.0,1632.0,9600.0,338.0,True,1240.0,1632.0
25.0,816.0,8314.0,264.0,False,816.0,816.0
84.0,1548.0,7264.0,672.0,False,952.0,952.0
7.0,1560.0,9196.0,573.0,False,1560.0,1560.0
59.0,864.0,19138.0,400.0,False,864.0,864.0
1.0,2121.0,14450.0,732.0,False,2121.0,2121.0
31.0,2022.0,10005.0,505.0,False,1160.0,1156.0
18.0,1982.0,11287.0,575.0,False,807.0,1175.0
0.0,1262.0,7200.0,572.0,False,1262.0,1262.0
2.0,1314.0,5063.0,626.0,False,1314.0,1314.0
1.0,1468.0,9612.0,898.0,False,1468.0,1468.0
15.0,1575.0,8012.0,529.0,False,1575.0,1575.0
1.0,1250.0,4251.0,528.0,False,625.0,625.0
44.0,1734.0,9786.0,440.0,True,912.0,1085.0
35.0,858.0,8125.0,0.0,False,858.0,858.0
43.0,900.0,9819.0,280.0,True,882.0,900.0
92.0,1396.0,8730.0,384.0,False,698.0,698.0
0.0,1919.0,15611.0,685.0,False,1079.0,1079.0
96.0,1716.0,5687.0,0.0,False,780.0,936.0
60.0,1716.0,11409.0,281.0,False,768.0,1148.0
29.0,2263.0,16659.0,539.0,False,795.0,1468.0
56.0,1644.0,9600.0,418.0,False,1416.0,1644.0
22.0,1003.0,7937.0,588.0,True,1003.0,1003.0
57.0,1558.0,13710.0,282.0,True,910.0,910.0
10.0,1950.0,7399.0,576.0,False,975.0,975.0
39.0,1743.0,11700.0,539.0,False,702.0,1041.0
53.0,1336.0,15750.0,375.0,False,1165.0,1336.0
9.0,2452.0,16226.0,683.0,False,1028.0,1210.0
5.0,1541.0,13704.0,843.0,False,1541.0,1541.0
128.0,3493.0,18386.0,870.0,False,1470.0,1675.0
3.0,2000.0,10386.0,888.0,False,2000.0,2000.0
17.0,2243.0,13474.0,746.0,False,700.0,1122.0
88.0,1406.0,7920.0,0.0,True,319.0,1035.0
69.0,861.0,12342.0,539.0,False,861.0,861.0
3.0,1944.0,12378.0,708.0,False,1896.0,1944.0
13.0,1501.0,7685.0,420.0,False,697.0,697.0
61.0,972.0,8000.0,240.0,False,972.0,972.0
67.0,1118.0,7800.0,410.0,True,793.0,793.0
44.0,2036.0,215245.0,513.0,False,2136.0,2036.0
81.0,1641.0,9600.0,546.0,False,728.0,832.0
5.0,1432.0,7795.0,432.0,False,716.0,716.0
29.0,2353.0,13005.0,484.0,True,845.0,1153.0
1.0,1959.0,9000.0,1025.0,False,1088.0,1088.0
16.0,2646.0,9900.0,656.0,False,1347.0,1372.0
29.0,1472.0,14115.0,588.0,False,1372.0,1472.0
0.0,2596.0,16259.0,840.0,False,1249.0,1249.0
3.0,2468.0,12099.0,872.0,False,1136.0,1136.0
21.0,2730.0,10380.0,576.0,True,1502.0,1553.0
51.0,1163.0,5820.0,220.0,False,1162.0,1163.0
43.0,2978.0,11275.0,564.0,False,710.0,1898.0
66.0,803.0,5000.0,360.0,False,720.0,803.0
15.0,1719.0,10846.0,473.0,False,1719.0,1719.0
46.0,1383.0,11600.0,292.0,False,1383.0,1383.0
93.0,2134.0,11888.0,441.0,False,844.0,1445.0
89.0,1192.0,6402.0,189.0,True,596.0,596.0
43.0,1728.0,10624.0,352.0,False,1728.0,1728.0
49.0,1056.0,8176.0,308.0,False,1056.0,1056.0
6.0,1629.0,10655.0,880.0,False,3206.0,1629.0
4.0,1358.0,8198.0,484.0,False,1358.0,1358.0
10.0,1638.0,9042.0,472.0,False,943.0,943.0
43.0,1786.0,164660.0,529.0,False,1499.0,1619.0
2.0,1922.0,14157.0,676.0,False,1922.0,1922.0
6.0,1536.0,9135.0,532.0,False,1536.0,1536.0
22.0,1621.0,14145.0,440.0,False,1208.0,1621.0
51.0,1215.0,12400.0,297.0,False,1215.0,1215.0
8.0,1908.0,14191.0,431.0,False,967.0,993.0
59.0,841.0,8400.0,294.0,False,721.0,841.0
57.0,1040.0,8544.0,400.0,False,0.0,1040.0
3.0,1684.0,8849.0,564.0,False,1684.0,1684.0
34.0,1112.0,2592.0,336.0,False,536.0,536.0
67.0,1577.0,6435.0,312.0,False,972.0,972.0
47.0,958.0,12772.0,301.0,False,958.0,958.0
49.0,1478.0,17600.0,498.0,False,1478.0,1478.0
5.0,1626.0,2448.0,474.0,False,764.0,764.0
1.0,2728.0,20431.0,706.0,False,1848.0,1848.0
0.0,1869.0,7820.0,617.0,False,1869.0,1869.0
67.0,1111.0,9084.0,200.0,False,616.0,616.0
82.0,720.0,8520.0,484.0,False,624.0,720.0
66.0,1595.0,8400.0,240.0,False,940.0,1192.0
12.0,1200.0,11249.0,521.0,False,1200.0,1200.0
17.0,1167.0,9248.0,400.0,False,1158.0,1167.0
31.0,1142.0,4224.0,528.0,True,1142.0,1142.0
8.0,1924.0,12011.0,592.0,False,1086.0,1086.0
29.0,912.0,7540.0,470.0,True,888.0,912.0
68.0,1505.0,9144.0,240.0,False,883.0,988.0
6.0,1922.0,7301.0,672.0,False,0.0,495.0
37.0,987.0,1680.0,264.0,False,483.0,483.0
30.0,1574.0,18800.0,566.0,False,796.0,790.0
89.0,1344.0,10690.0,468.0,False,672.0,672.0
46.0,1394.0,9500.0,514.0,False,1394.0,1394.0
46.0,1431.0,9150.0,296.0,False,1099.0,1431.0
56.0,1268.0,7800.0,244.0,False,1268.0,1268.0
51.0,1287.0,9830.0,576.0,False,1063.0,1287.0
6.0,1664.0,8121.0,460.0,False,953.0,953.0
49.0,1588.0,17120.0,680.0,False,0.0,1120.0
26.0,752.0,7175.0,264.0,True,744.0,752.0
56.0,1319.0,10634.0,270.0,True,608.0,1319.0
4.0,1928.0,8200.0,434.0,False,847.0,847.0
87.0,904.0,10020.0,0.0,False,683.0,904.0
10.0,914.0,8846.0,576.0,False,870.0,914.0
3.0,2466.0,11143.0,610.0,False,1580.0,1580.0
0.0,1856.0,11394.0,834.0,False,1856.0,1856.0
9.0,1800.0,8123.0,463.0,False,982.0,1007.0
86.0,1691.0,5000.0,308.0,False,1026.0,1026.0
0.0,1301.0,7200.0,572.0,False,1293.0,1301.0
1.0,1797.0,9245.0,639.0,False,939.0,939.0
81.0,784.0,9000.0,360.0,False,784.0,784.0
15.0,1953.0,53107.0,501.0,False,1580.0,1079.0
6.0,1269.0,3182.0,430.0,False,1256.0,1269.0
96.0,1184.0,8410.0,0.0,False,658.0,658.0
9.0,1479.0,9382.0,577.0,False,1468.0,1479.0
1.0,2332.0,12474.0,846.0,False,1682.0,1742.0
108.0,1367.0,8405.0,384.0,True,861.0,961.0
8.0,1961.0,12209.0,560.0,False,804.0,804.0
48.0,882.0,8339.0,294.0,True,0.0,882.0
67.0,1034.0,10134.0,240.0,False,735.0,735.0
54.0,1144.0,9571.0,596.0,False,1144.0,1144.0
37.0,894.0,7200.0,600.0,False,894.0,894.0
45.0,1812.0,7590.0,264.0,False,864.0,876.0
3.0,1550.0,8125.0,438.0,False,1092.0,1112.0
12.0,1288.0,14963.0,500.0,False,1260.0,1288.0
1.0,1310.0,8767.0,400.0,False,1310.0,1310.0
68.0,672.0,10200.0,240.0,True,672.0,672.0
12.0,1572.0,10364.0,373.0,False,806.0,806.0
33.0,1620.0,9991.0,490.0,True,1281.0,1620.0
72.0,1639.0,10480.0,240.0,False,1064.0,1166.0
93.0,1680.0,15576.0,308.0,False,840.0,840.0
1.0,2172.0,14154.0,947.0,False,1063.0,1071.0
1.0,2078.0,10800.0,836.0,False,1034.0,1050.0
51.0,1056.0,34650.0,572.0,False,1056.0,1056.0
1.0,1478.0,4403.0,484.0,False,1470.0,1478.0
83.0,1028.0,8960.0,360.0,False,1008.0,1028.0
15.0,2097.0,11228.0,678.0,False,1080.0,1080.0
0.0,1340.0,8899.0,396.0,False,1340.0,1340.0
28.0,1400.0,7844.0,440.0,False,672.0,672.0
89.0,2624.0,22420.0,864.0,False,1370.0,1370.0
67.0,1134.0,8160.0,240.0,False,756.0,756.0
42.0,1056.0,8450.0,304.0,False,1056.0,1056.0
11.0,1344.0,7060.0,784.0,False,1344.0,1344.0
32.0,1602.0,16635.0,529.0,False,1602.0,1602.0
54.0,988.0,21750.0,520.0,False,988.0,988.0
10.0,2630.0,9200.0,696.0,False,1470.0,1470.0
52.0,1196.0,9000.0,297.0,False,1196.0,1196.0
63.0,1389.0,3378.0,240.0,False,651.0,707.0
20.0,1644.0,12800.0,569.0,False,1518.0,1644.0
51.0,907.0,8593.0,352.0,False,907.0,907.0
0.0,1208.0,6762.0,628.0,False,1208.0,1208.0
21.0,1412.0,11457.0,576.0,False,1392.0,1412.0
36.0,1365.0,1920.0,440.0,False,765.0,765.0
11.0,1604.0,10839.0,470.0,False,926.0,926.0
36.0,630.0,1890.0,0.0,False,630.0,630.0
13.0,1661.0,10667.0,550.0,False,799.0,827.0
86.0,1118.0,4400.0,440.0,False,648.0,734.0
83.0,904.0,6000.0,180.0,False,884.0,904.0
94.0,694.0,4280.0,352.0,True,440.0,694.0
89.0,1196.0,12354.0,528.0,True,684.0,684.0
1.0,2402.0,15431.0,672.0,False,3094.0,2402.0
53.0,1440.0,12108.0,0.0,False,1440.0,1440.0
78.0,1573.0,6240.0,360.0,False,1078.0,1128.0
1.0,1258.0,3922.0,648.0,False,1258.0,1258.0
14.0,1908.0,8750.0,493.0,False,915.0,933.0
53.0,1689.0,9855.0,480.0,True,1436.0,1689.0
44.0,1888.0,16492.0,578.0,False,1517.0,1888.0
8.0,1886.0,11214.0,431.0,False,930.0,956.0
69.0,1376.0,8600.0,198.0,False,780.0,780.0
59.0,1183.0,6000.0,308.0,False,649.0,679.0
76.0,813.0,5684.0,270.0,False,813.0,813.0
31.0,1533.0,70761.0,576.0,False,1533.0,1533.0
11.0,1756.0,9303.0,422.0,False,872.0,888.0
1.0,1590.0,9000.0,676.0,False,768.0,786.0
34.0,1242.0,9600.0,528.0,False,1242.0,1242.0
54.0,1663.0,53227.0,529.0,False,1364.0,1663.0
83.0,1666.0,5100.0,228.0,True,588.0,833.0
59.0,1203.0,7015.0,352.0,False,709.0,979.0
0.0,1935.0,8004.0,552.0,False,832.0,832.0
73.0,1135.0,7200.0,576.0,True,560.0,575.0
44.0,864.0,8281.0,360.0,True,864.0,864.0
74.0,1660.0,11988.0,240.0,False,715.0,849.0
31.0,1040.0,8430.0,0.0,False,1040.0,1040.0
2.0,1414.0,3072.0,398.0,False,1375.0,1414.0
37.0,1277.0,10628.0,526.0,True,1277.0,1277.0
65.0,1644.0,9480.0,312.0,False,728.0,888.0
1.0,1634.0,11428.0,866.0,False,1626.0,1634.0
15.0,1710.0,9291.0,506.0,False,832.0,832.0
25.0,1502.0,6820.0,528.0,False,1488.0,1502.0
30.0,1969.0,11952.0,534.0,False,808.0,1161.0
3.0,1072.0,3675.0,525.0,False,547.0,1072.0
1.0,1976.0,14977.0,908.0,False,1976.0,1976.0
7.0,1652.0,5330.0,499.0,False,1494.0,1652.0
44.0,970.0,8480.0,624.0,False,970.0,970.0
11.0,1493.0,13125.0,508.0,False,1478.0,1493.0
1.0,2643.0,13693.0,694.0,False,2153.0,2069.0
2.0,1718.0,10637.0,826.0,False,1705.0,1718.0
70.0,1131.0,5925.0,672.0,True,907.0,1131.0
2.0,1850.0,16033.0,772.0,False,1833.0,1850.0
3.0,1792.0,11846.0,874.0,False,1792.0,1792.0
94.0,1826.0,2500.0,164.0,False,910.0,916.0
8.0,1216.0,4500.0,402.0,False,1216.0,1216.0
45.0,999.0,7758.0,264.0,False,999.0,999.0
59.0,1113.0,9600.0,264.0,False,1113.0,1113.0
42.0,1073.0,10289.0,515.0,False,1073.0,1073.0
36.0,1484.0,12243.0,487.0,False,1484.0,1484.0
106.0,2414.0,10800.0,520.0,False,954.0,1766.0
39.0,630.0,1526.0,286.0,False,630.0,630.0
32.0,1304.0,2665.0,336.0,False,264.0,616.0
65.0,1578.0,9490.0,240.0,True,806.0,958.0
0.0,1456.0,15578.0,429.0,False,728.0,728.0
48.0,1269.0,7931.0,308.0,False,1269.0,1269.0
71.0,886.0,5784.0,273.0,False,190.0,886.0
15.0,3228.0,12692.0,546.0,False,3200.0,3228.0
83.0,1820.0,9120.0,240.0,True,1026.0,1133.0
42.0,899.0,7800.0,288.0,True,864.0,899.0
49.0,912.0,7535.0,297.0,True,912.0,912.0
34.0,1218.0,1890.0,264.0,False,672.0,672.0
3.0,1768.0,9803.0,603.0,False,866.0,866.0
42.0,1214.0,9170.0,461.0,True,1214.0,1214.0
51.0,1801.0,15602.0,484.0,True,1501.0,1801.0
35.0,1322.0,2308.0,440.0,False,855.0,855.0
57.0,1960.0,7596.0,400.0,False,960.0,960.0
13.0,1911.0,9554.0,471.0,False,777.0,1065.0
0.0,1218.0,7862.0,676.0,False,1218.0,1218.0
80.0,1378.0,9600.0,360.0,False,689.0,689.0
50.0,1041.0,9600.0,270.0,True,1041.0,1041.0
58.0,1363.0,14559.0,288.0,False,1008.0,1363.0
1.0,1368.0,6792.0,474.0,False,1368.0,1368.0
48.0,864.0,9100.0,624.0,False,864.0,864.0
24.0,1080.0,9187.0,484.0,False,1084.0,1080.0
81.0,789.0,10594.0,200.0,True,768.0,789.0
0.0,2020.0,12220.0,900.0,False,2006.0,2020.0
13.0,2344.0,10208.0,889.0,False,1264.0,1277.0
9.0,1796.0,9531.0,546.0,True,794.0,882.0
83.0,2080.0,10918.0,282.0,True,1276.0,1276.0
108.0,1294.0,10800.0,0.0,False,0.0,694.0
50.0,1244.0,11988.0,336.0,False,1244.0,1244.0
59.0,1664.0,5000.0,420.0,False,1004.0,1004.0
0.0,4676.0,40094.0,884.0,False,3138.0,3138.0
11.0,2398.0,11787.0,834.0,False,1379.0,1383.0
1.0,1266.0,7500.0,453.0,False,1257.0,1266.0
51.0,928.0,13300.0,252.0,False,928.0,928.0
0.0,2713.0,14948.0,858.0,False,1452.0,1476.0
87.0,605.0,9098.0,0.0,False,528.0,605.0
50.0,2515.0,32668.0,484.0,False,2035.0,2515.0
88.0,1362.0,6155.0,502.0,False,611.0,751.0
55.0,827.0,7200.0,392.0,False,0.0,827.0
61.0,334.0,5000.0,0.0,False,0.0,334.0
2.0,1414.0,9056.0,403.0,False,707.0,707.0
98.0,1347.0,7000.0,0.0,False,1117.0,820.0
10.0,1724.0,8924.0,527.0,False,880.0,880.0
36.0,864.0,12735.0,576.0,True,864.0,864.0
38.0,1159.0,11553.0,336.0,False,1051.0,1159.0
9.0,1601.0,11423.0,670.0,True,1581.0,1601.0
3.0,1838.0,14601.0,765.0,False,1838.0,1838.0
7.0,2285.0,11000.0,648.0,False,969.0,997.0
11.0,1680.0,10140.0,583.0,False,1650.0,1680.0
9.0,767.0,4058.0,367.0,False,723.0,767.0
0.0,1496.0,17104.0,426.0,False,654.0,664.0
18.0,2183.0,13837.0,786.0,False,1204.0,1377.0
84.0,1635.0,8737.0,440.0,False,1065.0,915.0
37.0,768.0,7244.0,624.0,False,768.0,768.0
53.0,825.0,8235.0,720.0,True,825.0,825.0
6.0,2094.0,9375.0,615.0,False,912.0,912.0
51.0,928.0,6000.0,288.0,False,928.0,928.0
3.0,1717.0,11146.0,908.0,False,1709.0,1717.0
60.0,1126.0,8777.0,520.0,True,0.0,1126.0
5.0,2046.0,10625.0,871.0,False,998.0,1006.0
84.0,1048.0,6380.0,280.0,False,993.0,1048.0
49.0,1092.0,14850.0,299.0,True,1092.0,1092.0
12.0,1446.0,21872.0,406.0,False,729.0,729.0
3.0,1557.0,3196.0,420.0,False,1374.0,1557.0
53.0,1392.0,11341.0,528.0,False,1392.0,1392.0
32.0,1389.0,10010.0,418.0,False,1389.0,1389.0
68.0,996.0,13907.0,0.0,False,996.0,996.0
90.0,1674.0,21780.0,396.0,False,1163.0,1163.0
14.0,2295.0,13346.0,590.0,False,1095.0,1166.0
95.0,1647.0,6858.0,216.0,False,806.0,841.0
3.0,2504.0,11198.0,656.0,False,1122.0,1134.0
6.0,1535.0,10171.0,532.0,False,1517.0,1535.0
26.0,2132.0,12327.0,612.0,False,1496.0,1496.0
27.0,943.0,7032.0,600.0,False,943.0,943.0
43.0,1728.0,13101.0,576.0,False,1728.0,1728.0
0.0,1692.0,13159.0,650.0,False,846.0,846.0
7.0,1430.0,9967.0,400.0,False,384.0,774.0
36.0,1109.0,10500.0,288.0,True,372.0,576.0
81.0,1477.0,6292.0,216.0,False,861.0,877.0
54.0,1795.0,12150.0,352.0,False,1050.0,1050.0
47.0,1429.0,14585.0,572.0,False,1144.0,1429.0
1.0,2042.0,12704.0,1390.0,False,2042.0,2042.0
17.0,816.0,11841.0,0.0,False,816.0,816.0
115.0,2775.0,13500.0,880.0,False,1237.0,1521.0
74.0,1573.0,6120.0,240.0,False,884.0,989.0
1.0,2028.0,11443.0,880.0,False,1868.0,2028.0
90.0,838.0,10267.0,275.0,True,816.0,838.0
27.0,860.0,8740.0,528.0,False,840.0,860.0
41.0,1473.0,25095.0,452.0,False,1437.0,1473.0
78.0,935.0,9100.0,308.0,False,742.0,779.0
4.0,1582.0,8320.0,520.0,False,770.0,770.0
1.0,2296.0,13478.0,842.0,False,1722.0,1728.0
26.0,816.0,6600.0,816.0,False,816.0,816.0
6.0,848.0,4435.0,420.0,False,848.0,848.0
33.0,924.0,7990.0,280.0,True,924.0,924.0
1.0,1826.0,11302.0,758.0,False,1814.0,1826.0
96.0,1368.0,3600.0,216.0,False,684.0,684.0
1.0,1402.0,3922.0,648.0,False,1258.0,1402.0
29.0,1647.0,12984.0,621.0,False,1430.0,1647.0
28.0,1556.0,1950.0,452.0,True,716.0,716.0
1.0,1904.0,10927.0,736.0,False,1058.0,1058.0
70.0,1375.0,9000.0,544.0,False,780.0,780.0
6.0,1200.0,3182.0,480.0,False,600.0,600.0
6.0,1494.0,12803.0,530.0,False,1494.0,1494.0
44.0,1986.0,13600.0,486.0,False,768.0,1186.0
13.0,1040.0,12464.0,576.0,True,1040.0,1040.0
58.0,2008.0,7800.0,230.0,False,896.0,1112.0
73.0,3194.0,12168.0,380.0,False,965.0,1940.0
46.0,1029.0,7943.0,261.0,False,1029.0,1029.0
9.0,2153.0,11050.0,736.0,False,1440.0,1476.0
29.0,1032.0,10395.0,564.0,True,1032.0,1032.0
8.0,1872.0,11885.0,531.0,False,1299.0,1299.0
0.0,1120.0,8402.0,0.0,False,1120.0,1120.0
38.0,630.0,1491.0,0.0,False,630.0,630.0
4.0,1509.0,7861.0,393.0,False,783.0,807.0
54.0,832.0,7227.0,528.0,False,832.0,832.0
0.0,1828.0,11694.0,774.0,False,1822.0,1828.0
5.0,2262.0,12244.0,749.0,False,1482.0,1482.0
94.0,864.0,8248.0,0.0,False,864.0,864.0
34.0,2614.0,10800.0,624.0,False,1522.0,1548.0
32.0,980.0,7064.0,484.0,False,980.0,980.0
7.0,1512.0,2117.0,440.0,False,756.0,756.0
34.0,1790.0,10400.0,484.0,False,732.0,1012.0
48.0,1116.0,10000.0,440.0,False,1116.0,1116.0
47.0,1422.0,12342.0,286.0,True,978.0,1422.0
55.0,1520.0,9600.0,364.0,False,1156.0,1520.0
44.0,1350.0,9020.0,520.0,True,1248.0,1350.0
1.0,1554.0,4590.0,627.0,False,1554.0,1554.0
53.0,1056.0,9250.0,260.0,False,1056.0,1056.0
30.0,1056.0,6979.0,576.0,True,1056.0,1056.0
73.0,800.0,6120.0,0.0,False,264.0,800.0
55.0,1387.0,6000.0,256.0,False,811.0,811.0
98.0,796.0,8777.0,0.0,True,796.0,796.0
0.0,1567.0,3982.0,648.0,False,1520.0,1567.0
5.0,1518.0,12677.0,588.0,False,1518.0,1518.0
6.0,1929.0,7050.0,650.0,False,1057.0,1057.0
37.0,2704.0,13860.0,538.0,True,1952.0,2000.0
38.0,1620.0,10793.0,462.0,True,780.0,780.0
0.0,1766.0,9187.0,478.0,False,1766.0,1766.0
36.0,981.0,10530.0,576.0,False,981.0,981.0
58.0,1048.0,7200.0,420.0,False,0.0,1048.0
55.0,1094.0,10452.0,495.0,False,1094.0,1094.0
44.0,1839.0,7700.0,442.0,False,756.0,1051.0
37.0,630.0,1936.0,0.0,True,630.0,630.0
1.0,1665.0,8125.0,562.0,False,813.0,822.0
69.0,1510.0,9084.0,296.0,True,755.0,755.0
13.0,1716.0,8750.0,512.0,False,880.0,909.0
102.0,1469.0,10320.0,216.0,True,756.0,756.0
13.0,2113.0,10437.0,839.0,False,2109.0,2113.0
49.0,1053.0,10007.0,312.0,True,1053.0,1053.0
77.0,1502.0,7200.0,270.0,True,776.0,851.0
45.0,1486.0,9937.0,480.0,True,1486.0,1486.0
31.0,1935.0,12384.0,550.0,False,793.0,1142.0
15.0,2448.0,46589.0,711.0,False,1629.0,1686.0
41.0,1392.0,13560.0,576.0,False,1392.0,1392.0
36.0,1181.0,10012.0,588.0,True,1138.0,1181.0
1.0,2097.0,20896.0,1134.0,False,2077.0,2097.0
6.0,1936.0,11194.0,504.0,False,1406.0,1454.0
14.0,1679.0,8125.0,575.0,False,1408.0,1679.0
50.0,1437.0,14175.0,576.0,False,1188.0,1437.0
84.0,1180.0,11600.0,252.0,False,700.0,1180.0
4.0,1476.0,8633.0,540.0,False,738.0,738.0
84.0,1369.0,6629.0,300.0,False,672.0,697.0
29.0,1208.0,11250.0,546.0,False,1208.0,1208.0
50.0,1839.0,14442.0,416.0,False,1477.0,1839.0
43.0,1136.0,9200.0,384.0,False,1136.0,1136.0
31.0,1441.0,2289.0,440.0,False,855.0,855.0
106.0,1774.0,9600.0,779.0,False,1095.0,1095.0
85.0,792.0,9022.0,240.0,False,768.0,792.0
1.0,2046.0,11844.0,834.0,False,2046.0,2046.0
46.0,988.0,9945.0,572.0,False,988.0,988.0
30.0,923.0,8012.0,264.0,False,923.0,923.0
12.0,1291.0,2887.0,431.0,False,1291.0,1291.0
5.0,1668.0,11248.0,702.0,False,1626.0,1668.0
12.0,1839.0,16770.0,486.0,False,1195.0,1195.0
23.0,2090.0,5062.0,577.0,False,1190.0,1190.0
0.0,1761.0,10207.0,578.0,False,874.0,874.0
3.0,1102.0,5105.0,480.0,False,551.0,551.0
0.0,1419.0,8089.0,567.0,False,1419.0,1419.0
2.0,1362.0,7577.0,460.0,False,1362.0,1362.0
4.0,848.0,4426.0,420.0,False,848.0,848.0
13.0,4316.0,21535.0,832.0,False,2444.0,2444.0
17.0,2519.0,26178.0,628.0,False,1210.0,1238.0
73.0,1539.0,6120.0,576.0,True,927.0,1067.0
19.0,1137.0,13811.0,551.0,False,1112.0,1137.0
85.0,616.0,6000.0,205.0,False,616.0,616.0
54.0,1148.0,6420.0,308.0,False,980.0,1148.0
45.0,894.0,8450.0,336.0,True,894.0,894.0
4.0,1391.0,4282.0,530.0,False,1391.0,1391.0
4.0,1800.0,14331.0,765.0,False,1800.0,1800.0
37.0,1164.0,9600.0,528.0,False,1164.0,1164.0
0.0,2576.0,12438.0,666.0,False,1234.0,1264.0
110.0,1812.0,7630.0,672.0,True,360.0,1032.0
6.0,1484.0,8400.0,606.0,False,1473.0,1484.0
80.0,1092.0,5600.0,0.0,False,0.0,372.0
36.0,1824.0,115149.0,739.0,False,1643.0,1824.0
3.0,1324.0,6240.0,550.0,False,1324.0,1324.0
0.0,1456.0,9018.0,400.0,False,728.0,728.0
73.0,729.0,4130.0,0.0,False,270.0,729.0
20.0,1228.0,4671.0,472.0,False,1228.0,1228.0
36.0,960.0,9873.0,576.0,False,960.0,960.0
34.0,1479.0,13517.0,475.0,False,725.0,725.0
35.0,1350.0,10140.0,478.0,True,1064.0,1350.0
117.0,2554.0,10800.0,704.0,False,718.0,1576.0
35.0,1178.0,10000.0,439.0,True,1176.0,1178.0
15.0,2418.0,10542.0,983.0,False,1311.0,1325.0
37.0,971.0,9920.0,300.0,False,971.0,971.0
21.0,1742.0,6563.0,564.0,False,1742.0,1742.0
6.0,848.0,4426.0,420.0,False,848.0,848.0
39.0,864.0,8120.0,463.0,False,864.0,864.0
54.0,1470.0,8172.0,548.0,False,941.0,997.0
2.0,1698.0,13286.0,768.0,False,1698.0,1698.0
39.0,864.0,6960.0,660.0,False,864.0,864.0
21.0,1680.0,21695.0,540.0,False,880.0,1680.0
2.0,1232.0,7314.0,632.0,False,1232.0,1232.0
84.0,1208.0,6240.0,539.0,False,780.0,848.0
15.0,1616.0,5389.0,608.0,False,1595.0,1616.0
4.0,1146.0,9590.0,438.0,False,868.0,1146.0
10.0,2031.0,11404.0,541.0,False,1153.0,1153.0
48.0,1144.0,10000.0,264.0,True,864.0,1144.0
92.0,1768.0,10800.0,320.0,False,880.0,880.0
56.0,1040.0,8544.0,400.0,False,0.0,1040.0
1.0,1801.0,10463.0,800.0,False,893.0,901.0
22.0,1200.0,10800.0,0.0,False,1200.0,1200.0
5.0,1728.0,9313.0,572.0,False,864.0,864.0
47.0,912.0,6768.0,288.0,True,912.0,912.0
7.0,1349.0,8450.0,539.0,True,1349.0,1349.0
46.0,1464.0,12886.0,480.0,False,520.0,1464.0
15.0,1337.0,5395.0,462.0,False,1337.0,1337.0
32.0,2715.0,8963.0,831.0,False,1142.0,1175.0
9.0,2256.0,8795.0,554.0,False,952.0,980.0
129.0,2640.0,11700.0,864.0,False,1240.0,1320.0
14.0,1720.0,10593.0,527.0,False,1720.0,1720.0
64.0,1529.0,8405.0,240.0,False,0.0,1088.0
100.0,1140.0,8800.0,0.0,False,576.0,792.0
4.0,1320.0,7750.0,400.0,False,660.0,660.0
9.0,1494.0,9236.0,576.0,False,1479.0,1494.0
1.0,2098.0,10240.0,878.0,False,1030.0,1038.0
40.0,1026.0,7930.0,440.0,False,1026.0,1026.0
10.0,1471.0,3230.0,440.0,False,729.0,742.0
2.0,1768.0,10769.0,578.0,False,866.0,866.0
9.0,1501.0,2280.0,440.0,False,744.0,757.0
12.0,2531.0,12257.0,752.0,False,1318.0,1328.0
50.0,864.0,9100.0,300.0,False,864.0,864.0
85.0,1301.0,6911.0,440.0,False,1145.0,1301.0
1.0,1547.0,8640.0,614.0,False,756.0,764.0
10.0,2365.0,9430.0,856.0,False,1252.0,1268.0
11.0,1494.0,9549.0,481.0,False,1494.0,1494.0
0.0,1506.0,14587.0,592.0,False,1498.0,1506.0
22.0,1714.0,10421.0,496.0,True,980.0,980.0
68.0,1750.0,12508.0,423.0,False,983.0,983.0
2.0,1836.0,9100.0,484.0,False,1860.0,1836.0
7.0,3279.0,53504.0,841.0,False,1650.0,1690.0
27.0,858.0,7252.0,576.0,False,858.0,858.0
55.0,1220.0,8877.0,396.0,False,836.0,1220.0
49.0,912.0,10150.0,275.0,False,912.0,912.0
1.0,1973.0,14226.0,895.0,False,1935.0,1973.0
11.0,1204.0,4500.0,412.0,False,1204.0,1204.0
1.0,1614.0,11210.0,865.0,False,1614.0,1614.0
32.0,894.0,13350.0,440.0,True,864.0,894.0
30.0,2020.0,8400.0,630.0,False,0.0,2020.0
29.0,1004.0,10530.0,504.0,False,975.0,1004.0
12.0,1253.0,7875.0,402.0,False,1237.0,1253.0
14.0,1603.0,7153.0,484.0,False,761.0,810.0
8.0,1430.0,16285.0,605.0,False,1413.0,1430.0
31.0,1110.0,9101.0,602.0,False,1097.0,1110.0
94.0,1484.0,6300.0,0.0,False,742.0,742.0
42.0,1342.0,9790.0,457.0,False,1372.0,1342.0
95.0,1652.0,10800.0,416.0,False,686.0,966.0
6.0,2084.0,10142.0,618.0,False,956.0,956.0
54.0,901.0,6000.0,281.0,False,901.0,901.0
41.0,2087.0,12205.0,444.0,False,832.0,976.0
4.0,1145.0,3182.0,397.0,False,1145.0,1145.0
31.0,1062.0,11333.0,539.0,False,1029.0,1062.0
11.0,2013.0,9920.0,455.0,False,1117.0,1127.0
0.0,1496.0,9158.0,474.0,False,1496.0,1496.0
14.0,1895.0,10832.0,409.0,False,712.0,1086.0
30.0,1564.0,8400.0,476.0,True,650.0,888.0
30.0,1285.0,8197.0,528.0,True,660.0,1285.0
1.0,3140.0,13518.0,820.0,False,1926.0,1966.0
70.0,1768.0,7200.0,240.0,True,731.0,981.0
11.0,1688.0,12798.0,603.0,False,616.0,616.0
91.0,1196.0,4800.0,440.0,False,1196.0,1196.0
3.0,1456.0,8199.0,410.0,False,728.0,728.0
1.0,2822.0,13891.0,1020.0,False,1734.0,1734.0
0.0,1428.0,12274.0,554.0,False,1417.0,1428.0
39.0,980.0,9750.0,384.0,False,980.0,980.0
86.0,1576.0,21384.0,528.0,False,1324.0,1072.0
40.0,1086.0,13400.0,484.0,True,1024.0,1086.0
111.0,2138.0,8100.0,360.0,True,849.0,1075.0
32.0,1309.0,10140.0,484.0,True,1040.0,1309.0
4.0,848.0,4438.0,420.0,False,848.0,848.0
49.0,1442.0,9750.0,301.0,False,1442.0,1442.0
88.0,1250.0,8248.0,280.0,False,686.0,686.0
12.0,1661.0,12137.0,598.0,False,1649.0,1661.0
52.0,1008.0,11425.0,275.0,False,1008.0,1008.0
6.0,1689.0,13265.0,857.0,False,1568.0,1689.0
39.0,1052.0,8816.0,440.0,True,1010.0,1052.0
1.0,1358.0,6371.0,484.0,False,1358.0,1358.0
5.0,1640.0,7226.0,595.0,False,798.0,798.0
56.0,936.0,6000.0,576.0,False,936.0,936.0
69.0,1489.0,9900.0,240.0,True,778.0,944.0
0.0,1489.0,11216.0,776.0,False,1489.0,1489.0
1.0,2084.0,14803.0,1220.0,False,2078.0,2084.0
84.0,784.0,6130.0,0.0,False,784.0,784.0
8.0,1434.0,8529.0,527.0,False,1454.0,1434.0
1.0,1223.0,2544.0,480.0,False,600.0,520.0
51.0,1392.0,11900.0,458.0,False,1392.0,1392.0
1.0,1200.0,3180.0,480.0,False,600.0,520.0
7.0,1829.0,9548.0,613.0,False,941.0,941.0
45.0,1516.0,10004.0,472.0,False,1516.0,1516.0
47.0,1144.0,7875.0,456.0,True,1144.0,1144.0
60.0,1067.0,9600.0,436.0,False,1067.0,1067.0
59.0,1559.0,8100.0,812.0,True,1559.0,1559.0
35.0,987.0,1680.0,264.0,False,483.0,483.0
13.0,1099.0,9525.0,352.0,False,1099.0,1099.0
62.0,1200.0,11767.0,240.0,False,768.0,768.0
83.0,1482.0,12155.0,400.0,False,672.0,810.0
104.0,1539.0,10440.0,686.0,False,650.0,958.0
42.0,1165.0,9020.0,490.0,True,1127.0,1165.0
46.0,1800.0,8000.0,0.0,False,1800.0,1800.0
93.0,1416.0,12665.0,720.0,False,876.0,876.0
32.0,1701.0,16647.0,611.0,False,1390.0,1701.0
16.0,1775.0,9317.0,425.0,False,740.0,1006.0
37.0,864.0,15523.0,338.0,False,864.0,864.0
100.0,2358.0,45600.0,360.0,False,907.0,1307.0
31.0,1855.0,9600.0,512.0,False,528.0,1094.0
4.0,848.0,4435.0,420.0,False,848.0,848.0
3.0,1456.0,3196.0,400.0,False,1273.0,1456.0
66.0,1646.0,7128.0,240.0,True,918.0,918.0
45.0,1445.0,12095.0,645.0,True,1127.0,1445.0
48.0,1040.0,6897.0,260.0,False,1040.0,1040.0
30.0,1026.0,10970.0,576.0,True,940.0,1026.0
15.0,1481.0,8125.0,343.0,False,702.0,702.0
38.0,2654.0,11029.0,619.0,False,1054.0,1512.0
89.0,1426.0,7642.0,216.0,True,912.0,912.0
45.0,1039.0,11625.0,504.0,False,1039.0,1039.0
26.0,1097.0,9672.0,480.0,True,1040.0,1097.0
50.0,1148.0,7931.0,672.0,True,1148.0,1148.0
1.0,1372.0,8640.0,529.0,False,1372.0,1372.0
39.0,1002.0,8750.0,902.0,True,1002.0,1002.0
1.0,1646.0,10656.0,870.0,False,1638.0,1646.0
46.0,1120.0,6970.0,544.0,False,1040.0,1120.0
58.0,2320.0,14762.0,672.0,False,0.0,1547.0
17.0,1949.0,9938.0,574.0,True,1050.0,1062.0
47.0,894.0,6600.0,308.0,False,894.0,894.0
12.0,1682.0,8750.0,523.0,False,804.0,804.0
55.0,910.0,8892.0,414.0,True,105.0,910.0
60.0,1268.0,12144.0,288.0,False,832.0,1036.0
0.0,2610.0,9000.0,550.0,False,1184.0,1184.0
44.0,1040.0,25286.0,648.0,False,1064.0,1040.0
5.0,2224.0,8834.0,738.0,False,1462.0,1462.0
49.0,1155.0,11782.0,576.0,True,1109.0,1155.0
31.0,864.0,7000.0,336.0,True,864.0,864.0
2.0,1090.0,7024.0,450.0,False,1090.0,1090.0
17.0,1717.0,13758.0,400.0,False,1156.0,1187.0
17.0,1593.0,9636.0,389.0,True,808.0,808.0
94.0,2230.0,6204.0,440.0,False,795.0,954.0
42.0,892.0,7150.0,288.0,True,892.0,892.0
53.0,1393.0,16466.0,300.0,False,816.0,872.0
37.0,2217.0,15865.0,621.0,False,2217.0,2217.0
56.0,1505.0,12160.0,505.0,False,1505.0,1505.0
58.0,924.0,8064.0,576.0,True,672.0,672.0
31.0,1683.0,11184.0,440.0,False,918.0,918.0
43.0,1068.0,8414.0,264.0,True,1059.0,1068.0
54.0,1383.0,13284.0,354.0,True,1383.0,1383.0
30.0,1535.0,7018.0,400.0,False,0.0,1535.0
45.0,1796.0,7056.0,483.0,False,780.0,983.0
30.0,2240.0,7018.0,528.0,False,0.0,1120.0
1.0,2364.0,12919.0,820.0,False,2330.0,2364.0
45.0,1236.0,6993.0,288.0,False,912.0,1236.0
36.0,858.0,7340.0,684.0,False,858.0,858.0
52.0,1306.0,8712.0,756.0,False,992.0,1306.0
3.0,1509.0,7875.0,393.0,False,783.0,807.0
0.0,1670.0,14859.0,690.0,False,1670.0,1670.0
40.0,902.0,6173.0,288.0,True,876.0,902.0
56.0,1063.0,9920.0,280.0,True,1056.0,1063.0
1.0,1636.0,13501.0,865.0,False,1623.0,1636.0
70.0,2057.0,11500.0,180.0,False,1017.0,1020.0
23.0,902.0,8885.0,484.0,True,864.0,902.0
4.0,1484.0,12589.0,390.0,False,742.0,742.0
50.0,2274.0,11600.0,480.0,False,1105.0,1105.0
32.0,1268.0,9286.0,252.0,False,1268.0,1268.0
58.0,2002.0,6270.0,871.0,False,1001.0,1001.0
0.0,1224.0,3000.0,528.0,False,612.0,612.0
37.0,1092.0,2001.0,286.0,False,546.0,546.0
53.0,1229.0,17140.0,284.0,False,1134.0,1229.0
16.0,2127.0,13125.0,833.0,True,1104.0,912.0
50.0,1414.0,11029.0,601.0,False,1184.0,1414.0
13.0,1721.0,8462.0,471.0,False,928.0,936.0
108.0,2200.0,8777.0,0.0,True,1272.0,1272.0
1.0,1316.0,10237.0,397.0,False,1316.0,1316.0
15.0,1617.0,8012.0,533.0,False,1604.0,1617.0
26.0,1686.0,10240.0,612.0,False,1686.0,1686.0
4.0,2374.0,11999.0,656.0,False,1181.0,1234.0
40.0,1978.0,9900.0,486.0,True,832.0,1098.0
8.0,1788.0,11838.0,522.0,False,1753.0,1788.0
9.0,2236.0,13006.0,642.0,False,964.0,993.0
2.0,1466.0,8925.0,610.0,False,1466.0,1466.0
44.0,925.0,9100.0,429.0,True,925.0,925.0
1.0,1905.0,11670.0,788.0,False,1905.0,1905.0
5.0,1500.0,8487.0,570.0,False,1500.0,1500.0
48.0,2069.0,27650.0,505.0,False,585.0,2069.0
80.0,747.0,5825.0,528.0,False,600.0,747.0
6.0,1200.0,10083.0,555.0,False,1176.0,1200.0
4.0,1971.0,9675.0,689.0,False,1113.0,1113.0
0.0,1962.0,8760.0,868.0,False,1391.0,1391.0
70.0,2403.0,24090.0,349.0,False,1032.0,1207.0
30.0,1728.0,12640.0,574.0,False,1728.0,1728.0
10.0,2060.0,8755.0,390.0,True,992.0,1022.0
40.0,1632.0,25000.0,576.0,False,1632.0,1632.0
119.0,1869.0,8820.0,456.0,True,1088.0,1188.0
47.0,1144.0,8163.0,796.0,False,1144.0,1144.0
5.0,1629.0,14536.0,808.0,False,1616.0,1629.0
4.0,1776.0,14006.0,474.0,False,936.0,936.0
38.0,1381.0,9360.0,676.0,False,1161.0,1381.0
57.0,864.0,7200.0,720.0,False,864.0,864.0
37.0,768.0,7200.0,396.0,True,768.0,768.0
39.0,1968.0,11075.0,530.0,True,784.0,1168.0
31.0,980.0,9400.0,0.0,False,945.0,980.0
61.0,1958.0,7136.0,492.0,False,979.0,979.0
29.0,1229.0,1300.0,462.0,True,561.0,561.0
45.0,1057.0,7420.0,576.0,False,1057.0,1057.0
4.0,1337.0,8450.0,531.0,False,1337.0,1337.0
11.0,1416.0,2572.0,484.0,False,696.0,696.0
52.0,858.0,7207.0,0.0,False,858.0,858.0
31.0,2872.0,12227.0,619.0,False,1330.0,1542.0
31.0,1548.0,2308.0,440.0,False,804.0,804.0
2.0,1800.0,11923.0,702.0,False,1800.0,1800.0
8.0,1894.0,11316.0,510.0,False,817.0,824.0
2.0,1484.0,10237.0,393.0,False,783.0,783.0
69.0,1308.0,9600.0,256.0,False,728.0,976.0
53.0,1098.0,7390.0,260.0,False,1098.0,1098.0
48.0,1095.0,10382.0,264.0,False,588.0,1095.0
6.0,1626.0,2268.0,474.0,False,764.0,764.0
31.0,918.0,7892.0,264.0,False,918.0,918.0
1.0,1428.0,11639.0,480.0,False,1428.0,1428.0
99.0,2019.0,11414.0,532.0,True,728.0,1136.0
6.0,1382.0,2651.0,490.0,False,673.0,673.0
83.0,869.0,5900.0,0.0,False,440.0,869.0
1.0,1241.0,4274.0,569.0,False,1241.0,1241.0
46.0,1121.0,8816.0,480.0,True,1121.0,1121.0
47.0,999.0,12122.0,588.0,False,944.0,999.0
11.0,2612.0,12203.0,676.0,False,1225.0,1276.0
1.0,1266.0,3182.0,388.0,False,1266.0,1266.0
6.0,2290.0,11250.0,779.0,False,1128.0,1149.0
32.0,1734.0,10125.0,539.0,False,0.0,1302.0
58.0,1164.0,10880.0,240.0,False,1164.0,1164.0
96.0,1635.0,5310.0,255.0,False,485.0,1001.0
1.0,1940.0,10159.0,606.0,False,1930.0,1940.0
31.0,2030.0,12046.0,551.0,False,848.0,1118.0
0.0,1576.0,8125.0,614.0,False,770.0,778.0
9.0,2392.0,9452.0,870.0,False,1396.0,1407.0
127.0,1742.0,17671.0,424.0,False,916.0,916.0
43.0,1851.0,9760.0,440.0,True,822.0,1020.0
1.0,1500.0,8846.0,564.0,False,750.0,750.0
3.0,1718.0,12456.0,786.0,False,1700.0,1718.0
45.0,1050.0,10659.0,368.0,False,1050.0,1050.0
39.0,1442.0,11717.0,615.0,False,1442.0,1442.0
84.0,1077.0,9786.0,210.0,False,1007.0,1077.0
4.0,1208.0,6762.0,632.0,False,1187.0,1208.0
57.0,944.0,10206.0,528.0,False,0.0,944.0
2.0,1574.0,11957.0,824.0,False,1574.0,1574.0
31.0,1680.0,11500.0,528.0,False,1680.0,1680.0
4.0,1504.0,3182.0,457.0,False,1346.0,1504.0
31.0,985.0,8385.0,328.0,False,985.0,985.0
37.0,1657.0,12155.0,484.0,False,1657.0,1657.0
39.0,1092.0,2217.0,286.0,False,546.0,546.0
5.0,1710.0,12118.0,550.0,False,1710.0,1710.0
80.0,1522.0,6000.0,0.0,False,1008.0,1008.0
60.0,1271.0,21286.0,312.0,False,720.0,720.0
45.0,1664.0,9825.0,0.0,False,0.0,1664.0
84.0,1502.0,10592.0,180.0,False,602.0,900.0
99.0,1022.0,7200.0,280.0,False,1022.0,1022.0
59.0,1082.0,11664.0,240.0,False,1082.0,1082.0
8.0,1665.0,8400.0,528.0,False,810.0,810.0
13.0,1504.0,11883.0,478.0,False,1504.0,1504.0
16.0,1472.0,10784.0,402.0,False,384.0,802.0
1.0,1506.0,3013.0,440.0,False,1362.0,1506.0
3.0,1132.0,7024.0,451.0,False,1132.0,1132.0
0.0,1220.0,7406.0,632.0,False,1199.0,1220.0
77.0,1248.0,9439.0,160.0,False,912.0,912.0
3.0,1504.0,3182.0,437.0,False,1346.0,1504.0
35.0,882.0,7700.0,461.0,True,882.0,882.0
50.0,1264.0,9300.0,461.0,False,1268.0,1264.0
1.0,1646.0,9520.0,800.0,False,1638.0,1646.0
66.0,1376.0,9492.0,240.0,False,768.0,968.0
34.0,1218.0,1680.0,264.0,False,672.0,672.0
90.0,1928.0,7082.0,0.0,False,686.0,948.0
89.0,3082.0,15863.0,672.0,False,824.0,1687.0
4.0,1654.0,8125.0,900.0,False,1654.0,1654.0
69.0,954.0,6305.0,240.0,True,920.0,954.0
52.0,845.0,11500.0,290.0,False,0.0,845.0
2.0,1620.0,12898.0,912.0,False,1620.0,1620.0
7.0,2263.0,9240.0,905.0,False,1055.0,1055.0
39.0,1344.0,1533.0,0.0,False,546.0,798.0
39.0,630.0,1477.0,286.0,False,630.0,630.0
49.0,1803.0,13125.0,484.0,True,1134.0,1803.0
42.0,1632.0,9130.0,484.0,False,800.0,800.0
4.0,1306.0,5381.0,624.0,False,1306.0,1306.0
18.0,2329.0,11839.0,514.0,False,1475.0,1532.0
28.0,2524.0,9600.0,542.0,True,2524.0,2524.0
54.0,1733.0,13680.0,452.0,False,0.0,1733.0
1.0,2868.0,16056.0,716.0,False,1992.0,1992.0
14.0,990.0,9245.0,672.0,False,990.0,990.0
49.0,1771.0,21750.0,336.0,True,0.0,1771.0
0.0,1302.0,8993.0,436.0,False,1302.0,1302.0
0.0,1316.0,11175.0,440.0,False,1316.0,1316.0
43.0,1977.0,9500.0,540.0,True,816.0,1127.0
53.0,1526.0,8562.0,364.0,False,1216.0,1526.0
4.0,1989.0,11367.0,586.0,False,1065.0,1091.0
1.0,1364.0,7052.0,484.0,False,1364.0,1364.0
15.0,1850.0,29959.0,467.0,False,973.0,979.0
1.0,2184.0,11308.0,836.0,False,1104.0,1130.0
75.0,1991.0,11275.0,432.0,False,854.0,1096.0
9.0,1338.0,4920.0,582.0,False,1338.0,1338.0
107.0,2337.0,13600.0,560.0,False,662.0,1422.0
81.0,1103.0,6000.0,440.0,True,1103.0,1103.0
43.0,1154.0,11000.0,480.0,True,1154.0,1154.0
14.0,2260.0,14000.0,533.0,False,1306.0,1306.0
16.0,1571.0,7837.0,380.0,False,799.0,799.0
44.0,1611.0,9760.0,442.0,False,780.0,798.0
33.0,2521.0,3964.0,576.0,True,942.0,1291.0
58.0,893.0,9600.0,576.0,False,845.0,893.0
51.0,1048.0,10152.0,286.0,False,1048.0,1048.0
41.0,1556.0,11700.0,441.0,False,727.0,829.0
58.0,1456.0,7585.0,280.0,False,810.0,1002.0
32.0,1426.0,7950.0,440.0,True,690.0,698.0
1.0,1240.0,8556.0,826.0,False,1240.0,1240.0
67.0,1740.0,13125.0,240.0,False,800.0,960.0
70.0,1466.0,10800.0,566.0,False,796.0,1096.0
2.0,848.0,4435.0,420.0,False,848.0,848.0
13.0,990.0,8775.0,299.0,False,990.0,990.0
47.0,1040.0,7500.0,308.0,True,1040.0,1040.0
5.0,1459.0,8749.0,527.0,False,1459.0,1459.0
42.0,1251.0,8800.0,461.0,True,1251.0,1251.0
11.0,1498.0,13031.0,409.0,False,691.0,691.0
18.0,996.0,9069.0,564.0,False,936.0,996.0
37.0,1092.0,1974.0,286.0,False,546.0,546.0
4.0,1953.0,10574.0,1043.0,False,1082.0,1082.0
2.0,1709.0,2522.0,380.0,False,970.0,970.0
1.0,1247.0,3316.0,550.0,False,1247.0,1247.0
59.0,1040.0,8544.0,400.0,False,0.0,1040.0
9.0,1252.0,2160.0,462.0,False,600.0,624.0
83.0,1694.0,8400.0,576.0,False,1181.0,1390.0
41.0,1200.0,9230.0,884.0,True,864.0,1200.0
54.0,936.0,5868.0,308.0,False,936.0,936.0
1.0,1314.0,9317.0,440.0,False,1314.0,1314.0
93.0,1355.0,6882.0,0.0,False,684.0,773.0
21.0,1088.0,3696.0,461.0,False,1074.0,1088.0
73.0,1324.0,6000.0,240.0,False,672.0,757.0
89.0,438.0,8400.0,246.0,False,290.0,438.0
36.0,950.0,9758.0,280.0,False,950.0,950.0
47.0,1194.0,8910.0,539.0,False,655.0,1194.0
37.0,1302.0,2016.0,440.0,False,630.0,630.0
16.0,2622.0,12256.0,712.0,False,1463.0,1500.0
17.0,1442.0,10357.0,719.0,False,910.0,1442.0
0.0,2021.0,23257.0,422.0,False,868.0,887.0
5.0,1836.0,11362.0,862.0,False,1836.0,1836.0
13.0,1658.0,8000.0,431.0,False,773.0,773.0
32.0,1964.0,10480.0,483.0,False,803.0,1098.0
49.0,816.0,7100.0,308.0,False,816.0,816.0
54.0,1008.0,8923.0,240.0,False,1008.0,1008.0
52.0,833.0,5400.0,326.0,True,833.0,833.0
0.0,1734.0,12085.0,928.0,False,1734.0,1734.0
7.0,1419.0,7750.0,527.0,False,408.0,779.0
41.0,894.0,9764.0,450.0,False,894.0,894.0
50.0,1601.0,13825.0,300.0,False,533.0,1021.0
47.0,1040.0,7560.0,286.0,True,1040.0,1040.0
87.0,1012.0,8263.0,308.0,True,1012.0,1012.0
1.0,1552.0,10084.0,782.0,False,1552.0,1552.0
62.0,698.0,9405.0,0.0,False,698.0,698.0
15.0,1482.0,9125.0,392.0,False,384.0,812.0
54.0,1005.0,10434.0,672.0,False,1005.0,1005.0
2.0,1555.0,3684.0,660.0,False,1373.0,1555.0
3.0,1959.0,11796.0,434.0,False,847.0,847.0
27.0,936.0,7200.0,672.0,False,936.0,936.0
81.0,1981.0,7804.0,576.0,True,1122.0,1328.0
127.0,2210.0,9900.0,205.0,False,1008.0,1178.0
14.0,2020.0,9828.0,466.0,False,1128.0,1142.0
10.0,1600.0,8773.0,460.0,False,916.0,916.0
81.0,986.0,6180.0,180.0,False,960.0,986.0
135.0,1020.0,6342.0,0.0,False,780.0,780.0
32.0,1567.0,9819.0,714.0,False,1567.0,1567.0
87.0,1167.0,8731.0,495.0,False,915.0,1167.0
33.0,1868.0,10304.0,484.0,False,780.0,1088.0
1.0,2828.0,9965.0,1052.0,False,1466.0,1466.0
49.0,1006.0,9000.0,0.0,False,1006.0,1006.0
69.0,924.0,12180.0,280.0,True,672.0,672.0
21.0,1298.0,11200.0,403.0,False,1298.0,1298.0
68.0,1564.0,12000.0,234.0,False,704.0,860.0
82.0,1111.0,5700.0,288.0,False,572.0,572.0
89.0,1482.0,9000.0,324.0,False,650.0,832.0
57.0,932.0,8280.0,306.0,True,932.0,932.0
47.0,1466.0,17755.0,528.0,False,1466.0,1466.0
78.0,816.0,5890.0,432.0,False,816.0,816.0
43.0,1820.0,13700.0,492.0,True,864.0,902.0
31.0,1437.0,10768.0,528.0,False,1437.0,1437.0
43.0,1265.0,9350.0,502.0,True,1219.0,1265.0
2.0,1314.0,5001.0,626.0,False,1314.0,1314.0
1.0,1580.0,11932.0,830.0,False,1580.0,1580.0
34.0,1876.0,9120.0,540.0,False,901.0,943.0
32.0,1456.0,2280.0,440.0,False,855.0,855.0
54.0,1640.0,14778.0,924.0,False,1296.0,1640.0
39.0,894.0,8724.0,450.0,False,894.0,894.0
39.0,1258.0,12900.0,400.0,False,1198.0,1258.0
29.0,1432.0,16157.0,588.0,False,1360.0,1432.0
0.0,1502.0,9541.0,644.0,False,1502.0,1502.0
2.0,1694.0,10475.0,776.0,False,1694.0,1694.0
6.0,1671.0,10852.0,472.0,False,959.0,959.0
73.0,2108.0,13728.0,540.0,False,1127.0,1236.0
11.0,3627.0,35760.0,807.0,False,1930.0,1831.0
31.0,1118.0,9880.0,358.0,True,1096.0,1118.0
50.0,1261.0,9120.0,433.0,False,1261.0,1261.0
2.0,1250.0,4017.0,625.0,False,625.0,625.0
61.0,3086.0,18030.0,0.0,True,1598.0,1636.0
74.0,2345.0,16560.0,360.0,False,952.0,1170.0
15.0,2872.0,10678.0,541.0,False,1683.0,2129.0
24.0,923.0,6951.0,264.0,True,876.0,923.0
83.0,1224.0,3950.0,210.0,False,818.0,818.0
88.0,1343.0,7681.0,186.0,False,731.0,820.0
52.0,1124.0,8335.0,0.0,False,0.0,1124.0
16.0,2514.0,11170.0,693.0,True,1216.0,1298.0
0.0,1652.0,5587.0,482.0,False,1600.0,1652.0
86.0,1130.0,10800.0,720.0,False,1120.0,1130.0
44.0,1572.0,35133.0,995.0,False,1572.0,1572.0
82.0,1221.0,9738.0,392.0,False,784.0,949.0
12.0,1624.0,12461.0,757.0,True,1624.0,1624.0
7.0,1660.0,8935.0,493.0,False,831.0,831.0
11.0,1804.0,7500.0,442.0,False,994.0,1028.0
46.0,1622.0,32463.0,1356.0,False,1249.0,1622.0
8.0,1441.0,2645.0,492.0,False,776.0,764.0
82.0,1472.0,9600.0,250.0,True,702.0,842.0
10.0,1224.0,4500.0,402.0,False,1224.0,1224.0
41.0,1352.0,9364.0,299.0,True,663.0,663.0
3.0,1456.0,8029.0,400.0,False,728.0,728.0
0.0,1863.0,14054.0,660.0,False,879.0,879.0
90.0,1690.0,8850.0,225.0,False,815.0,815.0
8.0,1212.0,9100.0,573.0,False,1212.0,1212.0
43.0,1382.0,11235.0,459.0,False,1051.0,1382.0
11.0,1779.0,10400.0,546.0,False,866.0,866.0
84.0,1348.0,6000.0,216.0,False,884.0,884.0
9.0,1630.0,9750.0,451.0,False,1630.0,1630.0
31.0,1074.0,10140.0,495.0,True,1056.0,1074.0
19.0,2196.0,14684.0,701.0,False,2158.0,2196.0
40.0,1056.0,8900.0,384.0,True,1056.0,1056.0
3.0,1700.0,9135.0,544.0,False,1682.0,1700.0
46.0,1283.0,7763.0,506.0,False,931.0,1283.0
0.0,1660.0,10182.0,500.0,False,1660.0,1660.0
18.0,1845.0,11218.0,462.0,True,1055.0,1055.0
22.0,1752.0,12134.0,492.0,False,559.0,1080.0
68.0,672.0,9340.0,234.0,False,672.0,672.0
41.0,960.0,10246.0,364.0,False,648.0,960.0
44.0,999.0,10205.0,300.0,False,925.0,999.0
41.0,894.0,7094.0,384.0,True,894.0,894.0
32.0,1902.0,8930.0,539.0,False,0.0,1318.0
0.0,1314.0,8640.0,552.0,False,1300.0,1314.0
59.0,912.0,6240.0,0.0,False,0.0,672.0
40.0,1211.0,8250.0,322.0,False,952.0,1211.0
58.0,1846.0,10496.0,315.0,True,1040.0,1168.0
55.0,2136.0,10680.0,528.0,True,2136.0,2136.0
4.0,1490.0,15384.0,388.0,False,788.0,788.0
49.0,1138.0,10482.0,264.0,True,588.0,1138.0
1.0,1933.0,14598.0,668.0,False,894.0,894.0
43.0,912.0,8872.0,576.0,False,912.0,912.0
0.0,1702.0,8769.0,1052.0,False,1702.0,1702.0
48.0,1507.0,7910.0,404.0,True,1075.0,1507.0
30.0,2620.0,18890.0,600.0,False,1361.0,1361.0
44.0,1190.0,7728.0,540.0,True,1106.0,1190.0
45.0,1224.0,9842.0,462.0,False,0.0,1224.0
92.0,1784.0,13132.0,180.0,False,747.0,892.0
7.0,1626.0,2628.0,474.0,False,764.0,764.0
2.0,1948.0,12393.0,434.0,False,847.0,847.0
1.0,1484.0,9037.0,472.0,False,1476.0,1484.0
5.0,1768.0,8158.0,543.0,False,884.0,884.0
0.0,1689.0,9849.0,954.0,False,1689.0,1689.0
0.0,2076.0,13891.0,850.0,False,2076.0,2076.0
77.0,1517.0,11435.0,400.0,False,792.0,792.0
1.0,1553.0,8125.0,615.0,False,756.0,756.0
34.0,1034.0,12328.0,888.0,False,1012.0,1034.0
91.0,2058.0,9600.0,396.0,False,735.0,1134.0
57.0,988.0,7200.0,276.0,False,876.0,988.0
42.0,2110.0,11160.0,522.0,False,2110.0,2110.0
3.0,1405.0,3136.0,478.0,False,1405.0,1405.0
41.0,874.0,9858.0,288.0,True,864.0,874.0
33.0,2167.0,17542.0,518.0,True,1192.0,1516.0
5.0,1656.0,6931.0,397.0,False,746.0,760.0
76.0,1367.0,6240.0,560.0,False,884.0,959.0
14.0,1987.0,14303.0,691.0,False,1986.0,1987.0
87.0,864.0,4060.0,0.0,False,864.0,864.0
3.0,1166.0,9587.0,400.0,False,856.0,1166.0
39.0,1054.0,9750.0,460.0,False,1054.0,1054.0
10.0,1675.0,24682.0,502.0,False,841.0,892.0
53.0,1050.0,9600.0,338.0,False,1050.0,1050.0
52.0,1788.0,11250.0,304.0,False,1104.0,1104.0
88.0,1824.0,13515.0,520.0,True,764.0,1060.0
7.0,1452.0,3735.0,506.0,False,691.0,713.0
97.0,1889.0,10120.0,308.0,True,925.0,964.0
2.0,2018.0,13214.0,746.0,False,2002.0,2018.0
73.0,3447.0,14100.0,1014.0,True,728.0,1968.0
49.0,1524.0,11344.0,315.0,True,874.0,874.0
31.0,1524.0,23595.0,586.0,False,1332.0,1332.0
41.0,1489.0,9156.0,462.0,False,1489.0,1489.0
41.0,935.0,13526.0,288.0,True,935.0,935.0
49.0,1357.0,11512.0,312.0,True,1019.0,1357.0
97.0,1250.0,5362.0,552.0,False,661.0,661.0
59.0,1920.0,11345.0,400.0,False,928.0,928.0
37.0,1395.0,12936.0,497.0,False,723.0,735.0
42.0,1724.0,17871.0,480.0,False,1680.0,1724.0
6.0,2031.0,9473.0,577.0,False,1128.0,1128.0
7.0,1573.0,9808.0,544.0,False,1573.0,1573.0
16.0,1339.0,8049.0,484.0,False,1309.0,1339.0
32.0,1040.0,8800.0,484.0,False,1040.0,1040.0
39.0,1824.0,9400.0,0.0,False,912.0,912.0
91.0,2447.0,9638.0,336.0,False,804.0,1699.0
70.0,1412.0,6000.0,280.0,False,780.0,825.0
47.0,1328.0,9790.0,528.0,False,1328.0,1328.0
42.0,1582.0,36500.0,390.0,False,1624.0,1582.0
9.0,1659.0,5664.0,499.0,False,1501.0,1659.0
0.0,1970.0,11065.0,753.0,False,1085.0,1120.0
46.0,1152.0,14112.0,484.0,False,1152.0,1152.0
37.0,1302.0,1680.0,264.0,False,630.0,630.0
117.0,2372.0,6600.0,432.0,False,994.0,1378.0
30.0,1664.0,10140.0,528.0,True,832.0,832.0
51.0,864.0,8172.0,572.0,False,864.0,864.0
38.0,1052.0,8400.0,288.0,True,1052.0,1052.0
45.0,1128.0,8700.0,525.0,True,1120.0,1128.0
1.0,1072.0,3675.0,525.0,False,547.0,1072.0
0.0,5642.0,63887.0,1418.0,False,6110.0,4692.0
51.0,1246.0,7500.0,305.0,True,1246.0,1246.0
10.0,1983.0,10762.0,490.0,False,978.0,1005.0
67.0,1494.0,7500.0,213.0,False,771.0,753.0
12.0,2526.0,10120.0,844.0,False,1165.0,1203.0
1.0,1616.0,8688.0,834.0,False,1616.0,1616.0
2.0,1708.0,3363.0,380.0,False,976.0,976.0
3.0,1652.0,13173.0,840.0,False,1652.0,1652.0
1.0,1368.0,6955.0,474.0,False,1368.0,1368.0
15.0,990.0,8072.0,480.0,False,990.0,990.0
60.0,1122.0,12000.0,528.0,True,924.0,1122.0
17.0,1294.0,7153.0,496.0,True,1278.0,1294.0
51.0,1902.0,17500.0,567.0,False,1902.0,1902.0
2.0,1274.0,8814.0,508.0,False,1274.0,1274.0
17.0,2810.0,9572.0,750.0,False,1453.0,1453.0
11.0,2599.0,14774.0,779.0,False,1393.0,1422.0
53.0,948.0,8190.0,280.0,False,948.0,948.0
39.0,2112.0,11075.0,576.0,False,952.0,1092.0
1.0,1630.0,10226.0,860.0,False,1622.0,1630.0
1.0,1352.0,4230.0,466.0,False,1352.0,1352.0
5.0,1787.0,14781.0,748.0,False,1753.0,1787.0
53.0,948.0,10215.0,248.0,False,864.0,948.0
52.0,1478.0,8400.0,442.0,False,1478.0,1478.0
59.0,720.0,6627.0,287.0,False,0.0,720.0
18.0,1923.0,10186.0,564.0,False,750.0,1061.0
69.0,708.0,5330.0,0.0,False,420.0,708.0
1.0,1795.0,9986.0,895.0,False,1795.0,1795.0
86.0,796.0,3636.0,0.0,True,796.0,796.0
76.0,774.0,4270.0,0.0,False,544.0,774.0
26.0,816.0,6600.0,264.0,True,816.0,816.0
88.0,2792.0,10440.0,520.0,True,1510.0,1584.0
8.0,1632.0,9084.0,462.0,False,935.0,955.0
1.0,1588.0,10000.0,825.0,False,1588.0,1588.0
30.0,954.0,10780.0,576.0,False,911.0,954.0
71.0,816.0,8877.0,288.0,False,816.0,816.0
68.0,1360.0,7200.0,297.0,True,803.0,803.0
39.0,1365.0,2368.0,440.0,False,765.0,765.0
32.0,1334.0,9650.0,630.0,False,1350.0,1334.0
35.0,1656.0,9246.0,506.0,False,1656.0,1656.0
65.0,693.0,4118.0,0.0,False,693.0,693.0
4.0,1861.0,13450.0,492.0,False,916.0,920.0
34.0,864.0,9560.0,288.0,False,864.0,864.0
36.0,872.0,8294.0,480.0,True,858.0,872.0
5.0,1114.0,13695.0,576.0,False,1114.0,1114.0
5.0,2169.0,9375.0,647.0,False,1284.0,1284.0
81.0,1913.0,7558.0,342.0,False,896.0,1172.0
1.0,1456.0,11103.0,440.0,False,728.0,728.0
87.0,960.0,6000.0,308.0,False,960.0,960.0
38.0,2156.0,20781.0,508.0,False,1568.0,2156.0
1.0,1776.0,15306.0,712.0,False,1732.0,1776.0
9.0,1494.0,16196.0,514.0,False,1482.0,1494.0
136.0,2358.0,5250.0,0.0,False,684.0,938.0
40.0,2634.0,11643.0,968.0,False,1248.0,1338.0
46.0,1716.0,9247.0,490.0,False,858.0,858.0
72.0,1176.0,6000.0,624.0,False,698.0,786.0
15.0,3238.0,14720.0,666.0,False,2033.0,2053.0
8.0,1865.0,10316.0,839.0,False,992.0,992.0
38.0,1920.0,10192.0,487.0,True,570.0,1222.0
42.0,892.0,9477.0,264.0,True,864.0,892.0
39.0,1078.0,12537.0,500.0,False,1078.0,1078.0
10.0,1573.0,2117.0,440.0,False,756.0,769.0
2.0,1980.0,16737.0,770.0,False,1980.0,1980.0
87.0,2601.0,9842.0,621.0,False,612.0,990.0
4.0,1530.0,16158.0,430.0,False,1530.0,1530.0
89.0,1738.0,12513.0,368.0,False,715.0,1281.0
1.0,1412.0,8499.0,432.0,False,616.0,616.0
10.0,1674.0,7500.0,663.0,False,814.0,814.0
29.0,1475.0,2665.0,336.0,False,757.0,925.0
6.0,848.0,4435.0,420.0,False,848.0,848.0
7.0,1668.0,10635.0,502.0,False,1657.0,1668.0
89.0,1374.0,5400.0,338.0,False,840.0,840.0
53.0,1661.0,9600.0,377.0,True,992.0,1661.0
8.0,2097.0,9750.0,583.0,False,1108.0,1108.0
6.0,2633.0,11400.0,804.0,False,2633.0,2633.0
3.0,1958.0,10625.0,936.0,False,1026.0,1026.0
0.0,1571.0,10991.0,722.0,False,1571.0,1571.0
78.0,790.0,6292.0,160.0,False,768.0,790.0
68.0,1604.0,10998.0,660.0,False,984.0,984.0
33.0,987.0,1953.0,264.0,False,483.0,483.0
2.0,1394.0,9735.0,400.0,False,384.0,754.0
96.0,864.0,8212.0,200.0,False,864.0,864.0
38.0,2117.0,12925.0,550.0,False,1205.0,2117.0
86.0,1762.0,7200.0,576.0,False,596.0,998.0
89.0,1416.0,25339.0,576.0,False,816.0,1416.0
70.0,1258.0,9060.0,280.0,True,560.0,698.0
88.0,1154.0,5436.0,240.0,True,796.0,796.0
28.0,2784.0,16692.0,564.0,True,1392.0,1392.0
3.0,1746.0,14892.0,758.0,False,1746.0,1746.0
66.0,1218.0,6000.0,440.0,False,735.0,869.0
6.0,1525.0,9100.0,541.0,False,1525.0,1525.0
42.0,1584.0,8944.0,792.0,False,1584.0,1584.0
39.0,900.0,7838.0,288.0,True,864.0,900.0
103.0,1912.0,10800.0,672.0,False,482.0,1221.0
0.0,1500.0,4045.0,648.0,False,1356.0,1500.0
2.0,2482.0,12665.0,642.0,False,1094.0,1133.0
62.0,1687.0,57200.0,572.0,False,747.0,1687.0
87.0,1513.0,6120.0,180.0,False,939.0,939.0
59.0,1904.0,7200.0,240.0,True,1208.0,1136.0
84.0,1608.0,6171.0,216.0,True,976.0,1160.0
79.0,1158.0,6000.0,208.0,False,862.0,950.0
4.0,1593.0,7415.0,398.0,False,839.0,864.0
0.0,1294.0,6762.0,662.0,False,1286.0,1294.0
0.0,1464.0,15256.0,754.0,False,1485.0,1464.0
4.0,1646.0,3842.0,482.0,False,1594.0,1646.0
37.0,768.0,8445.0,396.0,True,768.0,768.0
24.0,833.0,8780.0,0.0,True,833.0,833.0
100.0,1363.0,7740.0,528.0,False,622.0,741.0
22.0,2093.0,20544.0,542.0,True,791.0,1236.0
8.0,1840.0,12420.0,622.0,False,944.0,944.0
59.0,1668.0,9600.0,271.0,True,856.0,1112.0
60.0,1040.0,7200.0,420.0,False,0.0,1040.0
85.0,1848.0,13053.0,370.0,False,833.0,1053.0
2.0,1569.0,3635.0,660.0,False,1386.0,1569.0
125.0,2290.0,11340.0,560.0,False,777.0,1246.0
11.0,2450.0,16545.0,1069.0,False,1284.0,1310.0
45.0,1144.0,9204.0,336.0,False,1144.0,1144.0
37.0,1844.0,16381.0,540.0,False,1844.0,1844.0
38.0,1416.0,11700.0,776.0,False,708.0,708.0
33.0,1069.0,4043.0,440.0,False,1069.0,1069.0
5.0,848.0,4435.0,420.0,False,848.0,848.0
40.0,2201.0,19690.0,432.0,True,697.0,1575.0
49.0,1344.0,9503.0,484.0,True,1024.0,1344.0
49.0,1252.0,10721.0,528.0,False,1252.0,1252.0
14.0,2127.0,10944.0,525.0,False,1223.0,1223.0
63.0,1558.0,10930.0,288.0,False,913.0,1048.0
26.0,1440.0,12546.0,467.0,False,1440.0,1440.0
1.0,1838.0,21930.0,372.0,False,732.0,734.0
33.0,958.0,4928.0,440.0,False,958.0,958.0
80.0,968.0,10800.0,216.0,False,656.0,968.0
8.0,1792.0,10261.0,451.0,False,936.0,962.0
29.0,1126.0,17400.0,484.0,False,1126.0,1126.0
36.0,864.0,9000.0,528.0,True,864.0,864.0
0.0,1932.0,12444.0,774.0,False,1932.0,1932.0
53.0,1236.0,7407.0,923.0,True,912.0,1236.0
28.0,1725.0,11584.0,550.0,False,539.0,1040.0
86.0,2555.0,11526.0,672.0,False,588.0,1423.0
4.0,848.0,4426.0,420.0,False,848.0,848.0
1.0,2007.0,11003.0,812.0,False,1017.0,1026.0
93.0,952.0,8854.0,192.0,False,952.0,952.0
3.0,1422.0,8500.0,626.0,False,1422.0,1422.0
41.0,913.0,8400.0,240.0,False,814.0,913.0
48.0,1188.0,26142.0,312.0,False,1188.0,1188.0
12.0,2090.0,10000.0,556.0,False,1220.0,1220.0
97.0,1346.0,11767.0,384.0,True,560.0,796.0
35.0,1792.0,9000.0,0.0,False,896.0,896.0
1.0,1578.0,9262.0,840.0,False,1573.0,1578.0
1.0,1072.0,3675.0,525.0,False,547.0,1072.0
5.0,1221.0,7500.0,400.0,False,1221.0,1221.0
8.0,1647.0,7917.0,460.0,False,953.0,953.0
32.0,2073.0,13175.0,500.0,True,1542.0,2073.0
69.0,2340.0,9042.0,252.0,True,1152.0,1188.0
60.0,1078.0,9717.0,240.0,False,1078.0,1078.0
43.0,1256.0,9937.0,276.0,False,1256.0,1256.0
